Id,Name of Business,Contact,Address,Category,Zip Code
1,Benchmark Autoworks,919 1234567,Raleigh NC,automobile,27606
2,Firestone Complete Auto Care,920 1234567,Raleigh NC,automobile,27607
3,Mr Z Auto Repair,921 1234567,Raleigh NC,automobile,27608
4,Bob's Muffler Shop,922 1234567,Raleigh NC,automobile,27609
5,European Performance Inc,923 1234567,Raleigh NC,automobile,27610
6,Patterson Performance Inc,924 1234567,Raleigh NC,automobile,27611
7,Cottman Transmission Center,925 1234567,Raleigh NC,automobile,27612
8,John West Auto,926 1234567,Raleigh NC,automobile,27613
9,Maaco Collision Repair & Auto Painting,927 1234567,Raleigh NC,automobile,27614
10,Safelite AutoGlass - Raleigh,928 1234567,Raleigh NC,automobile,27615
11,Meineke Car Care Center,929 1234567,Raleigh NC,automobile,27616
12,Meineke Car Care Center,930 1234567,Raleigh NC,automobile,27617
13,Meineke Car Care Center,931 1234567,Raleigh NC,automobile,27618
14,Meineke Car Care Center,932 1234567,Raleigh NC,automobile,27619
15,Meineke Car Care Center,933 1234567,Raleigh NC,automobile,27620
16,Just Tires,934 1234567,Raleigh NC,automobile,27621
17,Just Tires,935 1234567,Raleigh NC,automobile,27622
18,Just Tires,936 1234567,Raleigh NC,automobile,27623
19,Just Tires,937 1234567,Raleigh NC,automobile,27624
20,DAUNTLESS Transmissions,938 1234567,Raleigh NC,automobile,27625
21,Benchmark Autoworks,939 1234567,Raleigh NC,automobile,27626
22,Engine Experts,940 1234567,Raleigh NC,automobile,27627
23,Affordable Transmission And Auto Repair,941 1234567,Raleigh NC,automobile,27628
24,Car Place The,942 1234567,Raleigh NC,automobile,27629
25,D & E Quality Service Inc,943 1234567,Raleigh NC,automobile,27630
26,Henry's Muffler Shop,944 1234567,Raleigh NC,automobile,27631
27,Henry's Muffler Shop,945 1234567,Raleigh NC,automobile,27632
28,Boyce McCaskill Auto Service,946 1234567,Raleigh NC,automobile,27633
29,North Raleigh Automotive & Radiator Service,947 1234567,Raleigh NC,automobile,27634
30,Weatherspoon Automotive Inc,948 1234567,Raleigh NC,automobile,27635
31,Supreme Auto Service,949 1234567,Raleigh NC,automobile,27636
32,Falls Village Exxon Auto Repair Inc,950 1234567,Raleigh NC,automobile,27637
33,Passport Motors,951 1234567,Chapel Hill NC,automobile,27638
34,N-Tune Automotive,952 1234567,Chapel Hill NC,automobile,27639
35,Benchmark Autoworks,953 1234567,Chapel Hill NC,automobile,27640
36,Firestone Complete Auto Care,954 1234567,Chapel Hill NC,automobile,27641
37,East Franklin Car Care,955 1234567,Chapel Hill NC,automobile,27642
38,Lloyd Tire & Alignment LLC,956 1234567,Chapel Hill NC,automobile,27643
39,Mr. Tire Auto Service Centers,957 1234567,Chapel Hill NC,automobile,27644
40,TIOGA HONIGMANN DBA AUTOMOTIVE,958 1234567,Chapel Hill NC,automobile,27645
41,Meineke Car Care Center,959 1234567,Chapel Hill NC,automobile,27646
42,Al's Garage,960 1234567,Chapel Hill NC,automobile,27647
43,Auto Logic,961 1234567,Chapel Hill NC,automobile,27648
44,Automotion,962 1234567,Chapel Hill NC,automobile,27649
45,Hatley's Body Shop Inc,963 1234567,Chapel Hill NC,automobile,27650
46,Yeargan's Top Notch Automotive,964 1234567,Chapel Hill NC,automobile,27651
47,F & F Automotive,965 1234567,Chapel Hill NC,automobile,27652
48,Jiffy Lube,966 1234567,Chapel Hill NC,automobile,27653
49,Meineke Car Care Center,967 1234567,Chapel Hill NC,automobile,27654
50,Bullseye Windshield Repair,968 1234567,Chapel Hill NC,automobile,27655
51,Bullseye Windshield Repair,969 1234567,Chapel Hill NC,automobile,27656
52,Johnson's Garage,970 1234567,Chapel Hill NC,automobile,27657
53,EMC Auto Repair,971 1234567,Chapel Hill NC,automobile,27658
54,Carolina Garage Experts Inc,972 1234567,Chapel Hill NC,automobile,27659
55,Triangle Tires LLC,973 1234567,Chapel Hill NC,automobile,27660
56,Allmotive Car Truck & Tractor,974 1234567,Chapel Hill NC,automobile,27661
57,August Precision,975 1234567,Chapel Hill NC,automobile,27662
58,Brown's Auto Collision Center,976 1234567,Chapel Hill NC,automobile,27663
59,Elite Auto Body Inc,977 1234567,Chapel Hill NC,automobile,27664
60,Martin's Automotive,978 1234567,Chapel Hill NC,automobile,27665
61,Horne's Automotive,979 1234567,Chapel Hill NC,automobile,27666
62,AC Automotive,980 1234567,Chapel Hill NC,automobile,27667
63,Crawford's Body Shop,981 1234567,Chapel Hill NC,automobile,27668
64,Better Wrench A,982 1234567,Chapel Hill NC,automobile,27669
65,Johnson's Garage,983 1234567,Chapel Hill NC,automobile,27670
66,Carolina Garage Experts Inc,984 1234567,Raleigh NC,automobile,27671
67,Triangle Tires LLC,985 1234567,Raleigh NC,automobile,27672
68,Allmotive Car Truck & Tractor,986 1234567,Raleigh NC,automobile,27673
69,August Precision,987 1234567,Raleigh NC,automobile,27674
70,Brown's Auto Collision Center,988 1234567,Raleigh NC,automobile,27675
71,Elite Auto Body Inc,989 1234567,Raleigh NC,automobile,27676
72,Martin's Automotive,990 1234567,Raleigh NC,automobile,27677
73,Horne's Automotive,991 1234567,Raleigh NC,automobile,27678
74,AC Automotive,992 1234567,Raleigh NC,automobile,27679
75,Crawford's Body Shop,993 1234567,Raleigh NC,automobile,27680
76,Better Wrench A,994 1234567,Raleigh NC,automobile,27681
77,Johnson's Garage,995 1234567,Raleigh NC,automobile,27682
78,Carolina Garage Experts Inc,996 1234567,Raleigh NC,automobile,27683
79,Triangle Tires LLC,997 1234567,Raleigh NC,automobile,27684
80,Allmotive Car Truck & Tractor,998 1234567,Raleigh NC,automobile,27685
81,August Precision,999 1234567,Raleigh NC,automobile,27686
82,Brown's Auto Collision Center,1000 1234567,Raleigh NC,automobile,27687
83,Elite Auto Body Inc,1001 1234567,Raleigh NC,automobile,27688
84,Martin's Automotive,1002 1234567,Raleigh NC,automobile,27689
85,Horne's Automotive,1003 1234567,Raleigh NC,automobile,27690
86,AC Automotive,1004 1234567,Raleigh NC,automobile,27691
87,Crawford's Body Shop,1005 1234567,Raleigh NC,automobile,27692
88,Better Wrench A,1006 1234567,Raleigh NC,automobile,27693
89,Johnson's Garage,1007 1234567,Raleigh NC,automobile,27694
90,Carolina Garage Experts Inc,1008 1234567,Raleigh NC,automobile,27695
91,Triangle Tires LLC,1009 1234567,Raleigh NC,automobile,27696
92,Allmotive Car Truck & Tractor,1010 1234567,Raleigh NC,automobile,27697
93,August Precision,1011 1234567,Raleigh NC,automobile,27698
94,Brown's Auto Collision Center,1012 1234567,Raleigh NC,automobile,27699
95,Elite Auto Body Inc,1013 1234567,Raleigh NC,automobile,27700
96,Martin's Automotive,1014 1234567,Raleigh NC,automobile,27701
97,Horne's Automotive,1015 1234567,Raleigh NC,automobile,27702
98,AC Automotive,1016 1234567,Raleigh NC,automobile,27703
99,Crawford's Body Shop,1017 1234567,Raleigh NC,automobile,27704
100,Better Wrench A,1018 1234567,Raleigh NC,automobile,27705
101,Johnson's Garage,1019 1234567,Raleigh NC,automobile,27706
102,Carolina Garage Experts Inc,1020 1234567,Raleigh NC,automobile,27707
103,Triangle Tires LLC,1021 1234567,Raleigh NC,automobile,27708
104,Allmotive Car Truck & Tractor,1022 1234567,Raleigh NC,automobile,27709
105,August Precision,1023 1234567,Raleigh NC,automobile,27710
106,Brown's Auto Collision Center,1024 1234567,Raleigh NC,automobile,27711
107,Elite Auto Body Inc,1025 1234567,Raleigh NC,automobile,27712
108,Martin's Automotive,1026 1234567,Raleigh NC,automobile,27713
109,Horne's Automotive,1027 1234567,Raleigh NC,automobile,27714
110,AC Automotive,1028 1234567,Raleigh NC,automobile,27715
111,Crawford's Body Shop,1029 1234567,Raleigh NC,automobile,27716
112,Better Wrench A,1030 1234567,Raleigh NC,automobile,27717
113,Johnson's Garage,1031 1234567,Raleigh NC,automobile,27718
114,Carolina Garage Experts Inc,1032 1234567,Raleigh NC,automobile,27719
115,Triangle Tires LLC,1033 1234567,Raleigh NC,automobile,27720
116,Allmotive Car Truck & Tractor,1034 1234567,Raleigh NC,automobile,27721
117,August Precision,1035 1234567,Raleigh NC,automobile,27722
118,Brown's Auto Collision Center,1036 1234567,Raleigh NC,automobile,27723
119,Elite Auto Body Inc,1037 1234567,Raleigh NC,automobile,27724
120,Martin's Automotive,1038 1234567,Raleigh NC,automobile,27725
121,Horne's Automotive,1039 1234567,Raleigh NC,automobile,27726
122,AC Automotive,1040 1234567,Raleigh NC,automobile,27727
123,Crawford's Body Shop,1041 1234567,Raleigh NC,automobile,27728
124,Better Wrench A,1042 1234567,Raleigh NC,automobile,27729
125,Johnson's Garage,1043 1234567,Raleigh NC,automobile,27730
126,Carolina Garage Experts Inc,1044 1234567,Raleigh NC,automobile,27731
127,Triangle Tires LLC,1045 1234567,Raleigh NC,automobile,27732
128,Allmotive Car Truck & Tractor,1046 1234567,Raleigh NC,automobile,27733
129,August Precision,1047 1234567,Raleigh NC,automobile,27734
130,Brown's Auto Collision Center,1048 1234567,Raleigh NC,automobile,27735
131,Elite Auto Body Inc,1049 1234567,Raleigh NC,automobile,27736
132,Martin's Automotive,1050 1234567,Raleigh NC,automobile,27737
133,Horne's Automotive,1051 1234567,Raleigh NC,automobile,27738
134,AC Automotive,1052 1234567,Raleigh NC,automobile,27739
135,Crawford's Body Shop,1053 1234567,Raleigh NC,automobile,27740
136,Better Wrench A,1054 1234567,Raleigh NC,automobile,27741
137,Johnson's Garage,1055 1234567,Raleigh NC,automobile,27742
138,Carolina Garage Experts Inc,1056 1234567,Raleigh NC,automobile,27743
139,Triangle Tires LLC,1057 1234567,Raleigh NC,automobile,27744
140,Allmotive Car Truck & Tractor,1058 1234567,Raleigh NC,automobile,27745
141,August Precision,1059 1234567,Raleigh NC,automobile,27746
142,Brown's Auto Collision Center,1060 1234567,Raleigh NC,automobile,27747
143,Elite Auto Body Inc,1061 1234567,Raleigh NC,automobile,27748
144,Martin's Automotive,1062 1234567,Raleigh NC,automobile,27749
145,Horne's Automotive,1063 1234567,Raleigh NC,automobile,27750
146,AC Automotive,1064 1234567,Raleigh NC,automobile,27751
147,Crawford's Body Shop,1065 1234567,Raleigh NC,automobile,27752
148,Better Wrench A,1066 1234567,Raleigh NC,automobile,27753
149,Johnson's Garage,1067 1234567,Raleigh NC,automobile,27754
150,Carolina Garage Experts Inc,1068 1234567,Raleigh NC,automobile,27755
151,Triangle Tires LLC,1069 1234567,Raleigh NC,automobile,27756
152,Allmotive Car Truck & Tractor,1070 1234567,Raleigh NC,automobile,27757
153,August Precision,1071 1234567,Raleigh NC,automobile,27758
154,Brown's Auto Collision Center,1072 1234567,Raleigh NC,automobile,27759
155,Elite Auto Body Inc,1073 1234567,Raleigh NC,automobile,27760
156,Martin's Automotive,1074 1234567,Raleigh NC,automobile,27761
157,Horne's Automotive,1075 1234567,Raleigh NC,automobile,27762
158,AC Automotive,1076 1234567,Raleigh NC,automobile,27763
159,Crawford's Body Shop,1077 1234567,Raleigh NC,automobile,27764
160,Better Wrench A,1078 1234567,Raleigh NC,automobile,27765
161,Johnson's Garage,1079 1234567,Raleigh NC,automobile,27766
162,Carolina Garage Experts Inc,1080 1234567,Raleigh NC,automobile,27767
163,Triangle Tires LLC,1081 1234567,Raleigh NC,automobile,27768
164,Allmotive Car Truck & Tractor,1082 1234567,Raleigh NC,automobile,27769
165,August Precision,1083 1234567,Raleigh NC,automobile,27770
166,Brown's Auto Collision Center,1084 1234567,Raleigh NC,automobile,27771
167,Elite Auto Body Inc,1085 1234567,Raleigh NC,automobile,27772
168,Martin's Automotive,1086 1234567,Raleigh NC,automobile,27773
169,Horne's Automotive,1087 1234567,Raleigh NC,automobile,27774
170,AC Automotive,1088 1234567,Raleigh NC,automobile,27775
171,Crawford's Body Shop,1089 1234567,Raleigh NC,automobile,27776
172,Better Wrench A,1090 1234567,Raleigh NC,automobile,27777
173,Johnson's Garage,1091 1234567,Raleigh NC,automobile,27778
174,Carolina Garage Experts Inc,1092 1234567,Raleigh NC,automobile,27779
175,Triangle Tires LLC,1093 1234567,Raleigh NC,automobile,27780
176,Allmotive Car Truck & Tractor,1094 1234567,Raleigh NC,automobile,27781
177,August Precision,1095 1234567,Raleigh NC,automobile,27782
178,Brown's Auto Collision Center,1096 1234567,Raleigh NC,automobile,27783
179,Elite Auto Body Inc,1097 1234567,Raleigh NC,automobile,27784
180,Martin's Automotive,1098 1234567,Raleigh NC,automobile,27785
181,Horne's Automotive,1099 1234567,Raleigh NC,automobile,27786
182,AC Automotive,1100 1234567,Raleigh NC,automobile,27787
183,Crawford's Body Shop,1101 1234567,Raleigh NC,automobile,27788
184,Better Wrench A,1102 1234567,Raleigh NC,automobile,27789
185,Johnson's Garage,1103 1234567,Raleigh NC,automobile,27790
186,Carolina Garage Experts Inc,1104 1234567,Raleigh NC,automobile,27791
187,Triangle Tires LLC,1105 1234567,Raleigh NC,automobile,27792
188,Allmotive Car Truck & Tractor,1106 1234567,Raleigh NC,automobile,27793
189,August Precision,1107 1234567,Raleigh NC,automobile,27794
190,Brown's Auto Collision Center,1108 1234567,Raleigh NC,automobile,27795
191,Elite Auto Body Inc,1109 1234567,Raleigh NC,automobile,27796
192,Martin's Automotive,1110 1234567,Raleigh NC,automobile,27797
193,Horne's Automotive,1111 1234567,Raleigh NC,automobile,27798
194,AC Automotive,1112 1234567,Raleigh NC,automobile,27799
195,Crawford's Body Shop,1113 1234567,Raleigh NC,automobile,27800
196,Better Wrench A,1114 1234567,Raleigh NC,automobile,27801
197,Johnson's Garage,1115 1234567,Raleigh NC,automobile,27802
198,Carolina Garage Experts Inc,1116 1234567,Raleigh NC,automobile,27803
199,Triangle Tires LLC,1117 1234567,Raleigh NC,automobile,27804
200,Allmotive Car Truck & Tractor,1118 1234567,Raleigh NC,automobile,27805
201,August Precision,1119 1234567,Raleigh NC,automobile,27806
202,Brown's Auto Collision Center,1120 1234567,Raleigh NC,automobile,27807
203,Elite Auto Body Inc,1121 1234567,Raleigh NC,automobile,27808
204,Martin's Automotive,1122 1234567,Raleigh NC,automobile,27809
205,Horne's Automotive,1123 1234567,Raleigh NC,automobile,27810
206,AC Automotive,1124 1234567,Raleigh NC,automobile,27811
207,Crawford's Body Shop,1125 1234567,Raleigh NC,automobile,27812
208,Better Wrench A,1126 1234567,Raleigh NC,automobile,27813
209,Johnson's Garage,1127 1234567,Raleigh NC,automobile,27814
210,Carolina Garage Experts Inc,1128 1234567,Raleigh NC,automobile,27815
211,Triangle Tires LLC,1129 1234567,Raleigh NC,automobile,27816
212,Allmotive Car Truck & Tractor,1130 1234567,Raleigh NC,automobile,27817
213,August Precision,1131 1234567,Raleigh NC,automobile,27818
214,Brown's Auto Collision Center,1132 1234567,Raleigh NC,automobile,27819
215,Elite Auto Body Inc,1133 1234567,Raleigh NC,automobile,27820
216,Martin's Automotive,1134 1234567,Raleigh NC,automobile,27821
217,Horne's Automotive,1135 1234567,Raleigh NC,automobile,27822
218,AC Automotive,1136 1234567,Raleigh NC,automobile,27823
219,Crawford's Body Shop,1137 1234567,Raleigh NC,automobile,27824
220,Better Wrench A,1138 1234567,Raleigh NC,automobile,27825
221,Johnson's Garage,1139 1234567,Raleigh NC,automobile,27826
222,Carolina Garage Experts Inc,1140 1234567,Raleigh NC,automobile,27827
223,Triangle Tires LLC,1141 1234567,Raleigh NC,automobile,27828
224,Allmotive Car Truck & Tractor,1142 1234567,Raleigh NC,automobile,27829
225,August Precision,1143 1234567,Raleigh NC,automobile,27830
226,Brown's Auto Collision Center,1144 1234567,Raleigh NC,automobile,27831
227,Elite Auto Body Inc,1145 1234567,Raleigh NC,automobile,27832
228,Martin's Automotive,1146 1234567,Raleigh NC,automobile,27833
229,Horne's Automotive,1147 1234567,Raleigh NC,automobile,27834
230,AC Automotive,1148 1234567,Raleigh NC,automobile,27835
231,Crawford's Body Shop,1149 1234567,Raleigh NC,automobile,27836
232,Better Wrench A,1150 1234567,Raleigh NC,automobile,27837
233,Johnson's Garage,1151 1234567,Raleigh NC,automobile,27838
234,Carolina Garage Experts Inc,1152 1234567,Raleigh NC,automobile,27839
235,Triangle Tires LLC,1153 1234567,Raleigh NC,automobile,27840
236,Allmotive Car Truck & Tractor,1154 1234567,Raleigh NC,automobile,27841
237,August Precision,1155 1234567,Raleigh NC,automobile,27842
238,Brown's Auto Collision Center,1156 1234567,Raleigh NC,automobile,27843
239,Elite Auto Body Inc,1157 1234567,Raleigh NC,automobile,27844
240,Martin's Automotive,1158 1234567,Raleigh NC,automobile,27845
241,Horne's Automotive,1159 1234567,Raleigh NC,automobile,27846
242,AC Automotive,1160 1234567,Raleigh NC,automobile,27847
243,Crawford's Body Shop,1161 1234567,Raleigh NC,automobile,27848
244,Better Wrench A,1162 1234567,Raleigh NC,automobile,27849
245,Johnson's Garage,1163 1234567,Raleigh NC,automobile,27850
246,Carolina Garage Experts Inc,1164 1234567,Raleigh NC,automobile,27851
247,Triangle Tires LLC,1165 1234567,Raleigh NC,automobile,27852
248,Allmotive Car Truck & Tractor,1166 1234567,Raleigh NC,automobile,27853
249,August Precision,1167 1234567,Raleigh NC,automobile,27854
250,Brown's Auto Collision Center,1168 1234567,Raleigh NC,automobile,27855
251,Elite Auto Body Inc,1169 1234567,Raleigh NC,automobile,27856
252,Martin's Automotive,1170 1234567,Raleigh NC,automobile,27857
253,Horne's Automotive,1171 1234567,Raleigh NC,automobile,27858
254,AC Automotive,1172 1234567,Raleigh NC,automobile,27859
255,Crawford's Body Shop,1173 1234567,Raleigh NC,automobile,27860
256,Better Wrench A,1174 1234567,Raleigh NC,automobile,27861
257,Johnson's Garage,1175 1234567,Raleigh NC,automobile,27862
258,Carolina Garage Experts Inc,1176 1234567,Raleigh NC,automobile,27863
259,Triangle Tires LLC,1177 1234567,Raleigh NC,automobile,27864
260,Allmotive Car Truck & Tractor,1178 1234567,Raleigh NC,automobile,27865
261,August Precision,1179 1234567,Raleigh NC,automobile,27866
262,Brown's Auto Collision Center,1180 1234567,Raleigh NC,automobile,27867
263,Elite Auto Body Inc,1181 1234567,Raleigh NC,automobile,27868
264,Martin's Automotive,1182 1234567,Raleigh NC,automobile,27869
265,Horne's Automotive,1183 1234567,Raleigh NC,automobile,27870
266,AC Automotive,1184 1234567,Raleigh NC,automobile,27871
267,Crawford's Body Shop,1185 1234567,Raleigh NC,automobile,27872
268,Better Wrench A,1186 1234567,Raleigh NC,automobile,27873
269,Johnson's Garage,1187 1234567,Raleigh NC,automobile,27874
270,Carolina Garage Experts Inc,1188 1234567,Raleigh NC,automobile,27875
271,Triangle Tires LLC,1189 1234567,Raleigh NC,automobile,27876
272,Allmotive Car Truck & Tractor,1190 1234567,Raleigh NC,automobile,27877
273,August Precision,1191 1234567,Raleigh NC,automobile,27878
274,Brown's Auto Collision Center,1192 1234567,Raleigh NC,automobile,27879
275,Elite Auto Body Inc,1193 1234567,Raleigh NC,automobile,27880
276,Martin's Automotive,1194 1234567,Raleigh NC,automobile,27881
277,Horne's Automotive,1195 1234567,Raleigh NC,automobile,27882
278,AC Automotive,1196 1234567,Raleigh NC,automobile,27883
279,Crawford's Body Shop,1197 1234567,Raleigh NC,automobile,27884
280,Better Wrench A,1198 1234567,Raleigh NC,automobile,27885
281,Johnson's Garage,1199 1234567,Raleigh NC,automobile,27886
282,Carolina Garage Experts Inc,1200 1234567,Raleigh NC,automobile,27887
283,Triangle Tires LLC,1201 1234567,Raleigh NC,automobile,27888
284,Allmotive Car Truck & Tractor,1202 1234567,Raleigh NC,automobile,27889
285,August Precision,1203 1234567,Raleigh NC,automobile,27890
286,Brown's Auto Collision Center,1204 1234567,Raleigh NC,automobile,27891
287,Elite Auto Body Inc,1205 1234567,Raleigh NC,automobile,27892
288,Martin's Automotive,1206 1234567,Raleigh NC,automobile,27893
289,Horne's Automotive,1207 1234567,Raleigh NC,automobile,27894
290,AC Automotive,1208 1234567,Raleigh NC,automobile,27895
291,Crawford's Body Shop,1209 1234567,Raleigh NC,automobile,27896
292,Better Wrench A,1210 1234567,Raleigh NC,automobile,27897
293,Johnson's Garage,1211 1234567,Raleigh NC,automobile,27898
294,Carolina Garage Experts Inc,1212 1234567,Raleigh NC,automobile,27899
295,Triangle Tires LLC,1213 1234567,Raleigh NC,automobile,27900
296,Allmotive Car Truck & Tractor,1214 1234567,Raleigh NC,automobile,27901
297,August Precision,1215 1234567,Raleigh NC,automobile,27902
298,Brown's Auto Collision Center,1216 1234567,Raleigh NC,automobile,27903
299,Elite Auto Body Inc,1217 1234567,Raleigh NC,automobile,27904
300,Martin's Automotive,1218 1234567,Raleigh NC,automobile,27905
301,Horne's Automotive,1219 1234567,Raleigh NC,automobile,27906
302,AC Automotive,1220 1234567,Raleigh NC,automobile,27907
303,Crawford's Body Shop,1221 1234567,Raleigh NC,automobile,27908
304,Better Wrench A,1222 1234567,Raleigh NC,automobile,27909
305,Johnson's Garage,1223 1234567,Raleigh NC,automobile,27910
306,Carolina Garage Experts Inc,1224 1234567,Raleigh NC,automobile,27911
307,Triangle Tires LLC,1225 1234567,Raleigh NC,automobile,27912
308,Allmotive Car Truck & Tractor,1226 1234567,Raleigh NC,automobile,27913
309,August Precision,1227 1234567,Raleigh NC,automobile,27914
310,Brown's Auto Collision Center,1228 1234567,Raleigh NC,automobile,27915
311,Elite Auto Body Inc,1229 1234567,Raleigh NC,automobile,27916
312,Martin's Automotive,1230 1234567,Raleigh NC,automobile,27917
313,Horne's Automotive,1231 1234567,Raleigh NC,automobile,27918
314,AC Automotive,1232 1234567,Raleigh NC,automobile,27919
315,Crawford's Body Shop,1233 1234567,Raleigh NC,automobile,27920
316,Better Wrench A,1234 1234567,Raleigh NC,automobile,27921
317,Johnson's Garage,1235 1234567,Raleigh NC,automobile,27922
318,Carolina Garage Experts Inc,1236 1234567,Raleigh NC,automobile,27923
319,Triangle Tires LLC,1237 1234567,Raleigh NC,automobile,27924
320,Allmotive Car Truck & Tractor,1238 1234567,Raleigh NC,automobile,27925
321,August Precision,1239 1234567,Raleigh NC,automobile,27926
322,Brown's Auto Collision Center,1240 1234567,Raleigh NC,automobile,27927
323,Elite Auto Body Inc,1241 1234567,Raleigh NC,automobile,27928
324,Martin's Automotive,1242 1234567,Raleigh NC,automobile,27929
325,Horne's Automotive,1243 1234567,Raleigh NC,automobile,27930
326,AC Automotive,1244 1234567,Raleigh NC,automobile,27931
327,Crawford's Body Shop,1245 1234567,Raleigh NC,automobile,27932
328,Better Wrench A,1246 1234567,Raleigh NC,automobile,27933
329,Johnson's Garage,1247 1234567,Raleigh NC,automobile,27934
330,Carolina Garage Experts Inc,1248 1234567,Raleigh NC,automobile,27935
331,Triangle Tires LLC,1249 1234567,Raleigh NC,automobile,27936
332,Allmotive Car Truck & Tractor,1250 1234567,Raleigh NC,automobile,27937
333,August Precision,1251 1234567,Raleigh NC,automobile,27938
334,Brown's Auto Collision Center,1252 1234567,Raleigh NC,automobile,27939
335,Elite Auto Body Inc,1253 1234567,Raleigh NC,automobile,27940
336,Martin's Automotive,1254 1234567,Raleigh NC,automobile,27941
337,Horne's Automotive,1255 1234567,Raleigh NC,automobile,27942
338,AC Automotive,1256 1234567,Raleigh NC,automobile,27943
339,Crawford's Body Shop,1257 1234567,Raleigh NC,automobile,27944
340,Better Wrench A,1258 1234567,Raleigh NC,automobile,27945
341,Johnson's Garage,1259 1234567,Raleigh NC,automobile,27946
342,Carolina Garage Experts Inc,1260 1234567,Raleigh NC,automobile,27947
343,Triangle Tires LLC,1261 1234567,Raleigh NC,automobile,27948
344,Allmotive Car Truck & Tractor,1262 1234567,Raleigh NC,automobile,27949
345,August Precision,1263 1234567,Raleigh NC,automobile,27950
346,Brown's Auto Collision Center,1264 1234567,Raleigh NC,automobile,27951
347,Elite Auto Body Inc,1265 1234567,Raleigh NC,automobile,27952
348,Martin's Automotive,1266 1234567,Raleigh NC,automobile,27953
349,Horne's Automotive,1267 1234567,Raleigh NC,automobile,27954
350,AC Automotive,1268 1234567,Raleigh NC,automobile,27955
351,Crawford's Body Shop,1269 1234567,Raleigh NC,automobile,27956
352,Better Wrench A,1270 1234567,Raleigh NC,automobile,27957
353,Johnson's Garage,1271 1234567,Raleigh NC,automobile,27958
354,Carolina Garage Experts Inc,1272 1234567,Raleigh NC,automobile,27959
355,Triangle Tires LLC,1273 1234567,Raleigh NC,automobile,27960
356,Allmotive Car Truck & Tractor,1274 1234567,Raleigh NC,automobile,27961
357,August Precision,1275 1234567,Raleigh NC,automobile,27962
358,Brown's Auto Collision Center,1276 1234567,Raleigh NC,automobile,27963
359,Elite Auto Body Inc,1277 1234567,Raleigh NC,automobile,27964
360,Martin's Automotive,1278 1234567,Raleigh NC,automobile,27965
361,Horne's Automotive,1279 1234567,Raleigh NC,automobile,27966
362,AC Automotive,1280 1234567,Raleigh NC,automobile,27967
363,Crawford's Body Shop,1281 1234567,Raleigh NC,automobile,27968
364,Better Wrench A,1282 1234567,Raleigh NC,automobile,27969
365,Johnson's Garage,1283 1234567,Raleigh NC,automobile,27970
366,Carolina Garage Experts Inc,1284 1234567,Raleigh NC,automobile,27971
367,Triangle Tires LLC,1285 1234567,Raleigh NC,automobile,27972
368,Allmotive Car Truck & Tractor,1286 1234567,Raleigh NC,automobile,27973
369,August Precision,1287 1234567,Raleigh NC,automobile,27974
370,Brown's Auto Collision Center,1288 1234567,Raleigh NC,automobile,27975
371,Elite Auto Body Inc,1289 1234567,Raleigh NC,automobile,27976
372,Martin's Automotive,1290 1234567,Raleigh NC,automobile,27977
373,Horne's Automotive,1291 1234567,Raleigh NC,automobile,27978
374,AC Automotive,1292 1234567,Raleigh NC,automobile,27979
375,Crawford's Body Shop,1293 1234567,Raleigh NC,automobile,27980
376,Better Wrench A,1294 1234567,Raleigh NC,automobile,27981
377,Johnson's Garage,1295 1234567,Raleigh NC,automobile,27982
378,Carolina Garage Experts Inc,1296 1234567,Raleigh NC,automobile,27983
379,Triangle Tires LLC,1297 1234567,Raleigh NC,automobile,27984
380,Allmotive Car Truck & Tractor,1298 1234567,Raleigh NC,automobile,27985
381,August Precision,1299 1234567,Raleigh NC,automobile,27986
382,Brown's Auto Collision Center,1300 1234567,Raleigh NC,automobile,27987
383,Elite Auto Body Inc,1301 1234567,Raleigh NC,automobile,27988
384,Martin's Automotive,1302 1234567,Raleigh NC,automobile,27989
385,Horne's Automotive,1303 1234567,Raleigh NC,automobile,27990
386,AC Automotive,1304 1234567,Raleigh NC,automobile,27991
387,Crawford's Body Shop,1305 1234567,Raleigh NC,automobile,27992
388,Better Wrench A,1306 1234567,Raleigh NC,automobile,27993
389,Johnson's Garage,1307 1234567,Raleigh NC,automobile,27994
390,Carolina Garage Experts Inc,1308 1234567,Raleigh NC,automobile,27995
391,Triangle Tires LLC,1309 1234567,Raleigh NC,automobile,27996
392,Allmotive Car Truck & Tractor,1310 1234567,Raleigh NC,automobile,27997
393,August Precision,1311 1234567,Raleigh NC,automobile,27998
394,Brown's Auto Collision Center,1312 1234567,Raleigh NC,automobile,27999
395,Elite Auto Body Inc,1313 1234567,Raleigh NC,automobile,28000
396,Martin's Automotive,1314 1234567,Raleigh NC,automobile,28001
397,Horne's Automotive,1315 1234567,Raleigh NC,automobile,28002
398,AC Automotive,1316 1234567,Raleigh NC,automobile,28003
399,Crawford's Body Shop,1317 1234567,Raleigh NC,automobile,28004
400,Better Wrench A,1318 1234567,Raleigh NC,automobile,28005
401,Johnson's Garage,1319 1234567,Raleigh NC,automobile,28006
402,Carolina Garage Experts Inc,1320 1234567,Raleigh NC,automobile,28007
403,Triangle Tires LLC,1321 1234567,Raleigh NC,automobile,28008
404,Allmotive Car Truck & Tractor,1322 1234567,Raleigh NC,automobile,28009
405,August Precision,1323 1234567,Raleigh NC,automobile,28010
406,Brown's Auto Collision Center,1324 1234567,Raleigh NC,automobile,28011
407,Elite Auto Body Inc,1325 1234567,Raleigh NC,automobile,28012
408,Martin's Automotive,1326 1234567,Raleigh NC,automobile,28013
409,Horne's Automotive,1327 1234567,Raleigh NC,automobile,28014
410,AC Automotive,1328 1234567,Raleigh NC,automobile,28015
411,Crawford's Body Shop,1329 1234567,Raleigh NC,automobile,28016
412,Better Wrench A,1330 1234567,Raleigh NC,automobile,28017
413,Johnson's Garage,1331 1234567,Raleigh NC,automobile,28018
414,Carolina Garage Experts Inc,1332 1234567,Raleigh NC,automobile,28019
415,Triangle Tires LLC,1333 1234567,Raleigh NC,automobile,28020
416,Allmotive Car Truck & Tractor,1334 1234567,Raleigh NC,automobile,28021
417,August Precision,1335 1234567,Raleigh NC,automobile,28022
418,Brown's Auto Collision Center,1336 1234567,Raleigh NC,automobile,28023
419,Elite Auto Body Inc,1337 1234567,Raleigh NC,automobile,28024
420,Martin's Automotive,1338 1234567,Raleigh NC,automobile,28025
421,Horne's Automotive,1339 1234567,Raleigh NC,automobile,28026
422,AC Automotive,1340 1234567,Raleigh NC,automobile,28027
423,Crawford's Body Shop,1341 1234567,Raleigh NC,automobile,28028
424,Better Wrench A,1342 1234567,Raleigh NC,automobile,28029
425,Johnson's Garage,1343 1234567,Raleigh NC,automobile,28030
426,Carolina Garage Experts Inc,1344 1234567,Raleigh NC,automobile,28031
427,Triangle Tires LLC,1345 1234567,Raleigh NC,automobile,28032
428,Allmotive Car Truck & Tractor,1346 1234567,Raleigh NC,automobile,28033
429,August Precision,1347 1234567,Raleigh NC,automobile,28034
430,Brown's Auto Collision Center,1348 1234567,Raleigh NC,automobile,28035
431,Elite Auto Body Inc,1349 1234567,Raleigh NC,automobile,28036
432,Martin's Automotive,1350 1234567,Raleigh NC,automobile,28037
433,Horne's Automotive,1351 1234567,Raleigh NC,automobile,28038
434,AC Automotive,1352 1234567,Raleigh NC,automobile,28039
435,Crawford's Body Shop,1353 1234567,Raleigh NC,automobile,28040
436,Better Wrench A,1354 1234567,Raleigh NC,automobile,28041
437,Johnson's Garage,1355 1234567,Raleigh NC,automobile,28042
438,Carolina Garage Experts Inc,1356 1234567,Raleigh NC,automobile,28043
439,Triangle Tires LLC,1357 1234567,Raleigh NC,automobile,28044
440,Allmotive Car Truck & Tractor,1358 1234567,Raleigh NC,automobile,28045
441,August Precision,1359 1234567,Raleigh NC,automobile,28046
442,Brown's Auto Collision Center,1360 1234567,Raleigh NC,automobile,28047
443,Elite Auto Body Inc,1361 1234567,Raleigh NC,automobile,28048
444,Martin's Automotive,1362 1234567,Raleigh NC,automobile,28049
445,Horne's Automotive,1363 1234567,Raleigh NC,automobile,28050
446,AC Automotive,1364 1234567,Raleigh NC,automobile,28051
447,Crawford's Body Shop,1365 1234567,Raleigh NC,automobile,28052
448,Better Wrench A,1366 1234567,Raleigh NC,automobile,28053
449,Johnson's Garage,1367 1234567,Raleigh NC,automobile,28054
450,Carolina Garage Experts Inc,1368 1234567,Raleigh NC,automobile,28055
451,Triangle Tires LLC,1369 1234567,Raleigh NC,automobile,28056
452,Allmotive Car Truck & Tractor,1370 1234567,Raleigh NC,automobile,28057
453,August Precision,1371 1234567,Raleigh NC,automobile,28058
454,Brown's Auto Collision Center,1372 1234567,Raleigh NC,automobile,28059
455,Elite Auto Body Inc,1373 1234567,Raleigh NC,automobile,28060
456,Martin's Automotive,1374 1234567,Raleigh NC,automobile,28061
457,Horne's Automotive,1375 1234567,Raleigh NC,automobile,28062
458,AC Automotive,1376 1234567,Raleigh NC,automobile,28063
459,Crawford's Body Shop,1377 1234567,Raleigh NC,automobile,28064
460,Better Wrench A,1378 1234567,Raleigh NC,automobile,28065
461,Johnson's Garage,1379 1234567,Raleigh NC,automobile,28066
462,Carolina Garage Experts Inc,1380 1234567,Raleigh NC,automobile,28067
463,Triangle Tires LLC,1381 1234567,Raleigh NC,automobile,28068
464,Allmotive Car Truck & Tractor,1382 1234567,Raleigh NC,automobile,28069
465,August Precision,1383 1234567,Raleigh NC,automobile,28070
466,Brown's Auto Collision Center,1384 1234567,Raleigh NC,automobile,28071
467,Elite Auto Body Inc,1385 1234567,Raleigh NC,automobile,28072
468,Martin's Automotive,1386 1234567,Raleigh NC,automobile,28073
469,Horne's Automotive,1387 1234567,Raleigh NC,automobile,28074
470,AC Automotive,1388 1234567,Raleigh NC,automobile,28075
471,Crawford's Body Shop,1389 1234567,Raleigh NC,automobile,28076
472,Better Wrench A,1390 1234567,Raleigh NC,automobile,28077
473,Johnson's Garage,1391 1234567,Raleigh NC,automobile,28078
474,Carolina Garage Experts Inc,1392 1234567,Raleigh NC,automobile,28079
475,Triangle Tires LLC,1393 1234567,Raleigh NC,automobile,28080
476,Allmotive Car Truck & Tractor,1394 1234567,Raleigh NC,automobile,28081
477,August Precision,1395 1234567,Raleigh NC,automobile,28082
478,Brown's Auto Collision Center,1396 1234567,Raleigh NC,automobile,28083
479,Elite Auto Body Inc,1397 1234567,Raleigh NC,automobile,28084
480,Martin's Automotive,1398 1234567,Raleigh NC,automobile,28085
481,Horne's Automotive,1399 1234567,Raleigh NC,automobile,28086
482,AC Automotive,1400 1234567,Raleigh NC,automobile,28087
483,Crawford's Body Shop,1401 1234567,Raleigh NC,automobile,28088
484,Better Wrench A,1402 1234567,Raleigh NC,automobile,28089
485,Johnson's Garage,1403 1234567,Raleigh NC,automobile,28090
486,Carolina Garage Experts Inc,1404 1234567,Raleigh NC,automobile,28091
487,Triangle Tires LLC,1405 1234567,Raleigh NC,automobile,28092
488,Allmotive Car Truck & Tractor,1406 1234567,Raleigh NC,automobile,28093
489,August Precision,1407 1234567,Raleigh NC,automobile,28094
490,Brown's Auto Collision Center,1408 1234567,Raleigh NC,automobile,28095
491,Elite Auto Body Inc,1409 1234567,Raleigh NC,automobile,28096
492,Martin's Automotive,1410 1234567,Raleigh NC,automobile,28097
493,Horne's Automotive,1411 1234567,Raleigh NC,automobile,28098
494,AC Automotive,1412 1234567,Raleigh NC,automobile,28099
495,Crawford's Body Shop,1413 1234567,Raleigh NC,automobile,28100
496,Better Wrench A,1414 1234567,Raleigh NC,automobile,28101
497,Johnson's Garage,1415 1234567,Raleigh NC,automobile,28102
498,Carolina Garage Experts Inc,1416 1234567,Raleigh NC,automobile,28103
499,Triangle Tires LLC,1417 1234567,Raleigh NC,automobile,28104
500,Allmotive Car Truck & Tractor,1418 1234567,Raleigh NC,automobile,28105
501,August Precision,1419 1234567,Raleigh NC,automobile,28106
502,Brown's Auto Collision Center,1420 1234567,Raleigh NC,automobile,28107
503,Elite Auto Body Inc,1421 1234567,Raleigh NC,automobile,28108
504,Martin's Automotive,1422 1234567,Raleigh NC,automobile,28109
505,Horne's Automotive,1423 1234567,Raleigh NC,automobile,28110
506,AC Automotive,1424 1234567,Raleigh NC,automobile,28111
507,Crawford's Body Shop,1425 1234567,Raleigh NC,automobile,28112
508,Better Wrench A,1426 1234567,Raleigh NC,automobile,28113
509,Johnson's Garage,1427 1234567,Raleigh NC,automobile,28114
510,Carolina Garage Experts Inc,1428 1234567,Raleigh NC,automobile,28115
511,Triangle Tires LLC,1429 1234567,Raleigh NC,automobile,28116
512,Allmotive Car Truck & Tractor,1430 1234567,Raleigh NC,automobile,28117
513,August Precision,1431 1234567,Raleigh NC,automobile,28118
514,Brown's Auto Collision Center,1432 1234567,Raleigh NC,automobile,28119
515,Elite Auto Body Inc,1433 1234567,Raleigh NC,automobile,28120
516,Martin's Automotive,1434 1234567,Raleigh NC,automobile,28121
517,Horne's Automotive,1435 1234567,Raleigh NC,automobile,28122
518,AC Automotive,1436 1234567,Raleigh NC,automobile,28123
519,Crawford's Body Shop,1437 1234567,Raleigh NC,automobile,28124
520,Better Wrench A,1438 1234567,Raleigh NC,automobile,28125
521,Johnson's Garage,1439 1234567,Raleigh NC,automobile,28126
522,Carolina Garage Experts Inc,1440 1234567,Raleigh NC,automobile,28127
523,Triangle Tires LLC,1441 1234567,Raleigh NC,automobile,28128
524,Allmotive Car Truck & Tractor,1442 1234567,Raleigh NC,automobile,28129
525,August Precision,1443 1234567,Raleigh NC,automobile,28130
526,Brown's Auto Collision Center,1444 1234567,Raleigh NC,automobile,28131
527,Elite Auto Body Inc,1445 1234567,Raleigh NC,automobile,28132
528,Martin's Automotive,1446 1234567,Raleigh NC,automobile,28133
529,Horne's Automotive,1447 1234567,Raleigh NC,automobile,28134
530,AC Automotive,1448 1234567,Raleigh NC,automobile,28135
531,Crawford's Body Shop,1449 1234567,Raleigh NC,automobile,28136
532,Better Wrench A,1450 1234567,Raleigh NC,automobile,28137
533,Johnson's Garage,1451 1234567,Raleigh NC,automobile,28138
534,Carolina Garage Experts Inc,1452 1234567,Raleigh NC,automobile,28139
535,Triangle Tires LLC,1453 1234567,Raleigh NC,automobile,28140
536,Allmotive Car Truck & Tractor,1454 1234567,Raleigh NC,automobile,28141
537,August Precision,1455 1234567,Raleigh NC,automobile,28142
538,Brown's Auto Collision Center,1456 1234567,Raleigh NC,automobile,28143
539,Elite Auto Body Inc,1457 1234567,Raleigh NC,automobile,28144
540,Martin's Automotive,1458 1234567,Raleigh NC,automobile,28145
541,Horne's Automotive,1459 1234567,Raleigh NC,automobile,28146
542,AC Automotive,1460 1234567,Raleigh NC,automobile,28147
543,Crawford's Body Shop,1461 1234567,Raleigh NC,automobile,28148
544,Better Wrench A,1462 1234567,Raleigh NC,automobile,28149
545,Johnson's Garage,1463 1234567,Raleigh NC,automobile,28150
546,Carolina Garage Experts Inc,1464 1234567,Raleigh NC,automobile,28151
547,Triangle Tires LLC,1465 1234567,Raleigh NC,automobile,28152
548,Allmotive Car Truck & Tractor,1466 1234567,Raleigh NC,automobile,28153
549,August Precision,1467 1234567,Raleigh NC,automobile,28154
550,Brown's Auto Collision Center,1468 1234567,Raleigh NC,automobile,28155
551,Elite Auto Body Inc,1469 1234567,Raleigh NC,automobile,28156
552,Martin's Automotive,1470 1234567,Raleigh NC,automobile,28157
553,Horne's Automotive,1471 1234567,Raleigh NC,automobile,28158
554,AC Automotive,1472 1234567,Raleigh NC,automobile,28159
555,Crawford's Body Shop,1473 1234567,Raleigh NC,automobile,28160
556,Better Wrench A,1474 1234567,Raleigh NC,automobile,28161
557,Johnson's Garage,1475 1234567,Raleigh NC,automobile,28162
558,Carolina Garage Experts Inc,1476 1234567,Raleigh NC,automobile,28163
559,Triangle Tires LLC,1477 1234567,Raleigh NC,automobile,28164
560,Allmotive Car Truck & Tractor,1478 1234567,Raleigh NC,automobile,28165
561,August Precision,1479 1234567,Raleigh NC,automobile,28166
562,Brown's Auto Collision Center,1480 1234567,Raleigh NC,automobile,28167
563,Elite Auto Body Inc,1481 1234567,Raleigh NC,automobile,28168
564,Martin's Automotive,1482 1234567,Raleigh NC,automobile,28169
565,Horne's Automotive,1483 1234567,Raleigh NC,automobile,28170
566,AC Automotive,1484 1234567,Raleigh NC,automobile,28171
567,Crawford's Body Shop,1485 1234567,Raleigh NC,automobile,28172
568,Better Wrench A,1486 1234567,Raleigh NC,automobile,28173
569,Johnson's Garage,1487 1234567,Raleigh NC,automobile,28174
570,Carolina Garage Experts Inc,1488 1234567,Raleigh NC,automobile,28175
571,Triangle Tires LLC,1489 1234567,Raleigh NC,automobile,28176
572,Allmotive Car Truck & Tractor,1490 1234567,Raleigh NC,automobile,28177
573,August Precision,1491 1234567,Raleigh NC,automobile,28178
574,Brown's Auto Collision Center,1492 1234567,Raleigh NC,automobile,28179
575,Elite Auto Body Inc,1493 1234567,Raleigh NC,automobile,28180
576,Martin's Automotive,1494 1234567,Raleigh NC,automobile,28181
577,Horne's Automotive,1495 1234567,Raleigh NC,automobile,28182
578,AC Automotive,1496 1234567,Raleigh NC,automobile,28183
579,Crawford's Body Shop,1497 1234567,Raleigh NC,automobile,28184
580,Better Wrench A,1498 1234567,Raleigh NC,automobile,28185
581,Johnson's Garage,1499 1234567,Raleigh NC,automobile,28186
582,Carolina Garage Experts Inc,1500 1234567,Raleigh NC,automobile,28187
583,Triangle Tires LLC,1501 1234567,Raleigh NC,automobile,28188
584,Allmotive Car Truck & Tractor,1502 1234567,Raleigh NC,automobile,28189
585,August Precision,1503 1234567,Raleigh NC,automobile,28190
586,Brown's Auto Collision Center,1504 1234567,Raleigh NC,automobile,28191
587,Elite Auto Body Inc,1505 1234567,Raleigh NC,automobile,28192
588,Martin's Automotive,1506 1234567,Raleigh NC,automobile,28193
589,Horne's Automotive,1507 1234567,Raleigh NC,automobile,28194
590,AC Automotive,1508 1234567,Raleigh NC,automobile,28195
591,Crawford's Body Shop,1509 1234567,Raleigh NC,automobile,28196
592,Better Wrench A,1510 1234567,Raleigh NC,automobile,28197
593,Johnson's Garage,1511 1234567,Raleigh NC,automobile,28198
594,Carolina Garage Experts Inc,1512 1234567,Raleigh NC,automobile,28199
595,Triangle Tires LLC,1513 1234567,Raleigh NC,automobile,28200
596,Allmotive Car Truck & Tractor,1514 1234567,Raleigh NC,automobile,28201
597,August Precision,1515 1234567,Raleigh NC,automobile,28202
598,Brown's Auto Collision Center,1516 1234567,Raleigh NC,automobile,28203
599,Elite Auto Body Inc,1517 1234567,Raleigh NC,automobile,28204
600,Martin's Automotive,1518 1234567,Raleigh NC,automobile,28205
601,Horne's Automotive,1519 1234567,Raleigh NC,automobile,28206
602,AC Automotive,1520 1234567,Raleigh NC,automobile,28207
603,Crawford's Body Shop,1521 1234567,Raleigh NC,automobile,28208
604,Better Wrench A,1522 1234567,Raleigh NC,automobile,28209
605,Johnson's Garage,1523 1234567,Raleigh NC,automobile,28210
606,Carolina Garage Experts Inc,1524 1234567,Raleigh NC,automobile,28211
607,Triangle Tires LLC,1525 1234567,Raleigh NC,automobile,28212
608,Allmotive Car Truck & Tractor,1526 1234567,Raleigh NC,automobile,28213
609,August Precision,1527 1234567,Raleigh NC,automobile,28214
610,Brown's Auto Collision Center,1528 1234567,Raleigh NC,automobile,28215
611,Elite Auto Body Inc,1529 1234567,Raleigh NC,automobile,28216
612,Martin's Automotive,1530 1234567,Raleigh NC,automobile,28217
613,Horne's Automotive,1531 1234567,Raleigh NC,automobile,28218
614,AC Automotive,1532 1234567,Raleigh NC,automobile,28219
615,Crawford's Body Shop,1533 1234567,Raleigh NC,automobile,28220
616,Better Wrench A,1534 1234567,Raleigh NC,automobile,28221
617,Johnson's Garage,1535 1234567,Raleigh NC,automobile,28222
618,Carolina Garage Experts Inc,1536 1234567,Raleigh NC,automobile,28223
619,Triangle Tires LLC,1537 1234567,Raleigh NC,automobile,28224
620,Allmotive Car Truck & Tractor,1538 1234567,Raleigh NC,automobile,28225
621,August Precision,1539 1234567,Raleigh NC,automobile,28226
622,Brown's Auto Collision Center,1540 1234567,Raleigh NC,automobile,28227
623,Elite Auto Body Inc,1541 1234567,Raleigh NC,automobile,28228
624,Martin's Automotive,1542 1234567,Raleigh NC,automobile,28229
625,Horne's Automotive,1543 1234567,Raleigh NC,automobile,28230
626,AC Automotive,1544 1234567,Raleigh NC,automobile,28231
627,Crawford's Body Shop,1545 1234567,Raleigh NC,automobile,28232
628,Better Wrench A,1546 1234567,Raleigh NC,automobile,28233
629,Johnson's Garage,1547 1234567,Raleigh NC,automobile,28234
630,Carolina Garage Experts Inc,1548 1234567,Raleigh NC,automobile,28235
631,Triangle Tires LLC,1549 1234567,Raleigh NC,automobile,28236
632,Allmotive Car Truck & Tractor,1550 1234567,Raleigh NC,automobile,28237
633,August Precision,1551 1234567,Raleigh NC,automobile,28238
634,Brown's Auto Collision Center,1552 1234567,Raleigh NC,automobile,28239
635,Elite Auto Body Inc,1553 1234567,Raleigh NC,automobile,28240
636,Martin's Automotive,1554 1234567,Raleigh NC,automobile,28241
637,Horne's Automotive,1555 1234567,Raleigh NC,automobile,28242
638,AC Automotive,1556 1234567,Raleigh NC,automobile,28243
639,Crawford's Body Shop,1557 1234567,Raleigh NC,automobile,28244
640,Better Wrench A,1558 1234567,Raleigh NC,automobile,28245
641,Johnson's Garage,1559 1234567,Raleigh NC,automobile,28246
642,Carolina Garage Experts Inc,1560 1234567,Raleigh NC,automobile,28247
643,Triangle Tires LLC,1561 1234567,Raleigh NC,automobile,28248
644,Allmotive Car Truck & Tractor,1562 1234567,Raleigh NC,automobile,28249
645,August Precision,1563 1234567,Raleigh NC,automobile,28250
646,Brown's Auto Collision Center,1564 1234567,Raleigh NC,automobile,28251
647,Elite Auto Body Inc,1565 1234567,Raleigh NC,automobile,28252
648,Martin's Automotive,1566 1234567,Raleigh NC,automobile,28253
649,Horne's Automotive,1567 1234567,Raleigh NC,automobile,28254
650,AC Automotive,1568 1234567,Raleigh NC,automobile,28255
651,Crawford's Body Shop,1569 1234567,Raleigh NC,automobile,28256
652,Better Wrench A,1570 1234567,Raleigh NC,automobile,28257
653,Johnson's Garage,1571 1234567,Raleigh NC,automobile,28258
654,Carolina Garage Experts Inc,1572 1234567,Raleigh NC,automobile,28259
655,Triangle Tires LLC,1573 1234567,Raleigh NC,automobile,28260
656,Allmotive Car Truck & Tractor,1574 1234567,Raleigh NC,automobile,28261
657,August Precision,1575 1234567,Raleigh NC,automobile,28262
658,Brown's Auto Collision Center,1576 1234567,Raleigh NC,automobile,28263
659,Elite Auto Body Inc,1577 1234567,Raleigh NC,automobile,28264
660,Martin's Automotive,1578 1234567,Raleigh NC,automobile,28265
661,Horne's Automotive,1579 1234567,Raleigh NC,automobile,28266
662,AC Automotive,1580 1234567,Raleigh NC,automobile,28267
663,Crawford's Body Shop,1581 1234567,Raleigh NC,automobile,28268
664,Better Wrench A,1582 1234567,Raleigh NC,automobile,28269
665,Johnson's Garage,1583 1234567,Raleigh NC,automobile,28270
666,Carolina Garage Experts Inc,1584 1234567,Raleigh NC,automobile,28271
667,Triangle Tires LLC,1585 1234567,Raleigh NC,automobile,28272
668,Allmotive Car Truck & Tractor,1586 1234567,Raleigh NC,automobile,28273
669,August Precision,1587 1234567,Raleigh NC,automobile,28274
670,Brown's Auto Collision Center,1588 1234567,Raleigh NC,automobile,28275
671,Elite Auto Body Inc,1589 1234567,Raleigh NC,automobile,28276
672,Martin's Automotive,1590 1234567,Raleigh NC,automobile,28277
673,Horne's Automotive,1591 1234567,Raleigh NC,automobile,28278
674,AC Automotive,1592 1234567,Raleigh NC,automobile,28279
675,Crawford's Body Shop,1593 1234567,Raleigh NC,automobile,28280
676,Better Wrench A,1594 1234567,Raleigh NC,automobile,28281
677,Johnson's Garage,1595 1234567,Raleigh NC,automobile,28282
678,Carolina Garage Experts Inc,1596 1234567,Raleigh NC,automobile,28283
679,Triangle Tires LLC,1597 1234567,Raleigh NC,automobile,28284
680,Allmotive Car Truck & Tractor,1598 1234567,Raleigh NC,automobile,28285
681,August Precision,1599 1234567,Raleigh NC,automobile,28286
682,Brown's Auto Collision Center,1600 1234567,Raleigh NC,automobile,28287
683,Elite Auto Body Inc,1601 1234567,Raleigh NC,automobile,28288
684,Martin's Automotive,1602 1234567,Raleigh NC,automobile,28289
685,Horne's Automotive,1603 1234567,Raleigh NC,automobile,28290
686,AC Automotive,1604 1234567,Raleigh NC,automobile,28291
687,Crawford's Body Shop,1605 1234567,Raleigh NC,automobile,28292
688,Better Wrench A,1606 1234567,Raleigh NC,automobile,28293
689,Johnson's Garage,1607 1234567,Raleigh NC,automobile,28294
690,Carolina Garage Experts Inc,1608 1234567,Raleigh NC,automobile,28295
691,Triangle Tires LLC,1609 1234567,Raleigh NC,automobile,28296
692,Allmotive Car Truck & Tractor,1610 1234567,Raleigh NC,automobile,28297
693,August Precision,1611 1234567,Raleigh NC,automobile,28298
694,Brown's Auto Collision Center,1612 1234567,Raleigh NC,automobile,28299
695,Elite Auto Body Inc,1613 1234567,Raleigh NC,automobile,28300
696,Martin's Automotive,1614 1234567,Raleigh NC,automobile,28301
697,Horne's Automotive,1615 1234567,Raleigh NC,automobile,28302
698,AC Automotive,1616 1234567,Raleigh NC,automobile,28303
699,Crawford's Body Shop,1617 1234567,Raleigh NC,automobile,28304
700,Better Wrench A,1618 1234567,Raleigh NC,automobile,28305
701,Johnson's Garage,1619 1234567,Raleigh NC,automobile,28306
702,Carolina Garage Experts Inc,1620 1234567,Raleigh NC,automobile,28307
703,Triangle Tires LLC,1621 1234567,Raleigh NC,automobile,28308
704,Allmotive Car Truck & Tractor,1622 1234567,Raleigh NC,automobile,28309
705,August Precision,1623 1234567,Raleigh NC,automobile,28310
706,Brown's Auto Collision Center,1624 1234567,Raleigh NC,automobile,28311
707,Elite Auto Body Inc,1625 1234567,Raleigh NC,automobile,28312
708,Martin's Automotive,1626 1234567,Raleigh NC,automobile,28313
709,Horne's Automotive,1627 1234567,Raleigh NC,automobile,28314
710,AC Automotive,1628 1234567,Raleigh NC,automobile,28315
711,Crawford's Body Shop,1629 1234567,Raleigh NC,automobile,28316
712,Better Wrench A,1630 1234567,Raleigh NC,automobile,28317
713,Johnson's Garage,1631 1234567,Raleigh NC,automobile,28318
714,Carolina Garage Experts Inc,1632 1234567,Raleigh NC,automobile,28319
715,Triangle Tires LLC,1633 1234567,Raleigh NC,automobile,28320
716,Allmotive Car Truck & Tractor,1634 1234567,Raleigh NC,automobile,28321
717,August Precision,1635 1234567,Raleigh NC,automobile,28322
718,Brown's Auto Collision Center,1636 1234567,Raleigh NC,automobile,28323
719,Elite Auto Body Inc,1637 1234567,Raleigh NC,automobile,28324
720,Martin's Automotive,1638 1234567,Raleigh NC,automobile,28325
721,Horne's Automotive,1639 1234567,Raleigh NC,automobile,28326
722,AC Automotive,1640 1234567,Raleigh NC,automobile,28327
723,Crawford's Body Shop,1641 1234567,Raleigh NC,automobile,28328
724,Better Wrench A,1642 1234567,Raleigh NC,automobile,28329
725,Johnson's Garage,1643 1234567,Raleigh NC,automobile,28330
726,Carolina Garage Experts Inc,1644 1234567,Raleigh NC,automobile,28331
727,Triangle Tires LLC,1645 1234567,Raleigh NC,automobile,28332
728,Allmotive Car Truck & Tractor,1646 1234567,Raleigh NC,automobile,28333
729,August Precision,1647 1234567,Raleigh NC,automobile,28334
730,Brown's Auto Collision Center,1648 1234567,Raleigh NC,automobile,28335
731,Elite Auto Body Inc,1649 1234567,Raleigh NC,automobile,28336
732,Martin's Automotive,1650 1234567,Raleigh NC,automobile,28337
733,Horne's Automotive,1651 1234567,Raleigh NC,automobile,28338
734,AC Automotive,1652 1234567,Raleigh NC,automobile,28339
735,Crawford's Body Shop,1653 1234567,Raleigh NC,automobile,28340
736,Better Wrench A,1654 1234567,Raleigh NC,automobile,28341
737,Johnson's Garage,1655 1234567,Raleigh NC,automobile,28342
738,Carolina Garage Experts Inc,1656 1234567,Raleigh NC,automobile,28343
739,Triangle Tires LLC,1657 1234567,Raleigh NC,automobile,28344
740,Allmotive Car Truck & Tractor,1658 1234567,Raleigh NC,automobile,28345
741,August Precision,1659 1234567,Raleigh NC,automobile,28346
742,Brown's Auto Collision Center,1660 1234567,Raleigh NC,automobile,28347
743,Elite Auto Body Inc,1661 1234567,Raleigh NC,automobile,28348
744,Martin's Automotive,1662 1234567,Raleigh NC,automobile,28349
745,Horne's Automotive,1663 1234567,Raleigh NC,automobile,28350
746,AC Automotive,1664 1234567,Raleigh NC,automobile,28351
747,Crawford's Body Shop,1665 1234567,Raleigh NC,automobile,28352
748,Better Wrench A,1666 1234567,Raleigh NC,automobile,28353
749,Johnson's Garage,1667 1234567,Raleigh NC,automobile,28354
750,Carolina Garage Experts Inc,1668 1234567,Raleigh NC,automobile,28355
751,Triangle Tires LLC,1669 1234567,Raleigh NC,automobile,28356
752,Allmotive Car Truck & Tractor,1670 1234567,Raleigh NC,automobile,28357
753,August Precision,1671 1234567,Raleigh NC,automobile,28358
754,Brown's Auto Collision Center,1672 1234567,Raleigh NC,automobile,28359
755,Elite Auto Body Inc,1673 1234567,Raleigh NC,automobile,28360
756,Martin's Automotive,1674 1234567,Raleigh NC,automobile,28361
757,Horne's Automotive,1675 1234567,Raleigh NC,automobile,28362
758,AC Automotive,1676 1234567,Raleigh NC,automobile,28363
759,Crawford's Body Shop,1677 1234567,Raleigh NC,automobile,28364
760,Better Wrench A,1678 1234567,Raleigh NC,automobile,28365
761,Johnson's Garage,1679 1234567,Raleigh NC,automobile,28366
762,Carolina Garage Experts Inc,1680 1234567,Raleigh NC,automobile,28367
763,Triangle Tires LLC,1681 1234567,Raleigh NC,automobile,28368
764,Allmotive Car Truck & Tractor,1682 1234567,Raleigh NC,automobile,28369
765,August Precision,1683 1234567,Raleigh NC,automobile,28370
766,Brown's Auto Collision Center,1684 1234567,Raleigh NC,automobile,28371
767,Elite Auto Body Inc,1685 1234567,Raleigh NC,automobile,28372
768,Martin's Automotive,1686 1234567,Raleigh NC,automobile,28373
769,Horne's Automotive,1687 1234567,Raleigh NC,automobile,28374
770,AC Automotive,1688 1234567,Raleigh NC,automobile,28375
771,Crawford's Body Shop,1689 1234567,Raleigh NC,automobile,28376
772,Better Wrench A,1690 1234567,Raleigh NC,automobile,28377
773,Johnson's Garage,1691 1234567,Raleigh NC,automobile,28378
774,Carolina Garage Experts Inc,1692 1234567,Raleigh NC,automobile,28379
775,Triangle Tires LLC,1693 1234567,Raleigh NC,automobile,28380
776,Allmotive Car Truck & Tractor,1694 1234567,Raleigh NC,automobile,28381
777,August Precision,1695 1234567,Raleigh NC,automobile,28382
778,Brown's Auto Collision Center,1696 1234567,Raleigh NC,automobile,28383
779,Elite Auto Body Inc,1697 1234567,Raleigh NC,automobile,28384
780,Martin's Automotive,1698 1234567,Raleigh NC,automobile,28385
781,Horne's Automotive,1699 1234567,Raleigh NC,automobile,28386
782,AC Automotive,1700 1234567,Raleigh NC,automobile,28387
783,Crawford's Body Shop,1701 1234567,Raleigh NC,automobile,28388
784,Better Wrench A,1702 1234567,Raleigh NC,automobile,28389
785,Johnson's Garage,1703 1234567,Raleigh NC,automobile,28390
786,Carolina Garage Experts Inc,1704 1234567,Raleigh NC,automobile,28391
787,Triangle Tires LLC,1705 1234567,Raleigh NC,automobile,28392
788,Allmotive Car Truck & Tractor,1706 1234567,Raleigh NC,automobile,28393
789,August Precision,1707 1234567,Raleigh NC,automobile,28394
790,Brown's Auto Collision Center,1708 1234567,Raleigh NC,automobile,28395
791,Elite Auto Body Inc,1709 1234567,Raleigh NC,automobile,28396
792,Martin's Automotive,1710 1234567,Raleigh NC,automobile,28397
793,Horne's Automotive,1711 1234567,Raleigh NC,automobile,28398
794,AC Automotive,1712 1234567,Raleigh NC,automobile,28399
795,Crawford's Body Shop,1713 1234567,Raleigh NC,automobile,28400
796,Better Wrench A,1714 1234567,Raleigh NC,automobile,28401
797,Johnson's Garage,1715 1234567,Raleigh NC,automobile,28402
798,Carolina Garage Experts Inc,1716 1234567,Raleigh NC,automobile,28403
799,Triangle Tires LLC,1717 1234567,Raleigh NC,automobile,28404
800,Allmotive Car Truck & Tractor,1718 1234567,Raleigh NC,automobile,28405
801,August Precision,1719 1234567,Raleigh NC,automobile,28406
802,Brown's Auto Collision Center,1720 1234567,Raleigh NC,automobile,28407
803,Elite Auto Body Inc,1721 1234567,Raleigh NC,automobile,28408
804,Martin's Automotive,1722 1234567,Raleigh NC,automobile,28409
805,Horne's Automotive,1723 1234567,Raleigh NC,automobile,28410
806,AC Automotive,1724 1234567,Raleigh NC,automobile,28411
807,Crawford's Body Shop,1725 1234567,Raleigh NC,automobile,28412
808,Better Wrench A,1726 1234567,Raleigh NC,automobile,28413
809,Johnson's Garage,1727 1234567,Raleigh NC,automobile,28414
810,Carolina Garage Experts Inc,1728 1234567,Raleigh NC,automobile,28415
811,Triangle Tires LLC,1729 1234567,Raleigh NC,automobile,28416
812,Allmotive Car Truck & Tractor,1730 1234567,Raleigh NC,automobile,28417
813,August Precision,1731 1234567,Raleigh NC,automobile,28418
814,Brown's Auto Collision Center,1732 1234567,Raleigh NC,automobile,28419
815,Elite Auto Body Inc,1733 1234567,Raleigh NC,automobile,28420
816,Martin's Automotive,1734 1234567,Raleigh NC,automobile,28421
817,Horne's Automotive,1735 1234567,Raleigh NC,automobile,28422
818,AC Automotive,1736 1234567,Raleigh NC,automobile,28423
819,Crawford's Body Shop,1737 1234567,Raleigh NC,automobile,28424
820,Better Wrench A,1738 1234567,Raleigh NC,automobile,28425
821,Johnson's Garage,1739 1234567,Raleigh NC,automobile,28426
822,Carolina Garage Experts Inc,1740 1234567,Raleigh NC,automobile,28427
823,Triangle Tires LLC,1741 1234567,Raleigh NC,automobile,28428
824,Allmotive Car Truck & Tractor,1742 1234567,Raleigh NC,automobile,28429
825,August Precision,1743 1234567,Raleigh NC,automobile,28430
826,Brown's Auto Collision Center,1744 1234567,Raleigh NC,automobile,28431
827,Elite Auto Body Inc,1745 1234567,Raleigh NC,automobile,28432
828,Martin's Automotive,1746 1234567,Raleigh NC,automobile,28433
829,Horne's Automotive,1747 1234567,Raleigh NC,automobile,28434
830,AC Automotive,1748 1234567,Raleigh NC,automobile,28435
831,Crawford's Body Shop,1749 1234567,Raleigh NC,automobile,28436
832,Better Wrench A,1750 1234567,Raleigh NC,automobile,28437
833,Johnson's Garage,1751 1234567,Raleigh NC,automobile,28438
834,Carolina Garage Experts Inc,1752 1234567,Raleigh NC,automobile,28439
835,Triangle Tires LLC,1753 1234567,Raleigh NC,automobile,28440
836,Allmotive Car Truck & Tractor,1754 1234567,Raleigh NC,automobile,28441
837,August Precision,1755 1234567,Raleigh NC,automobile,28442
838,Brown's Auto Collision Center,1756 1234567,Raleigh NC,automobile,28443
839,Elite Auto Body Inc,1757 1234567,Raleigh NC,automobile,28444
840,Martin's Automotive,1758 1234567,Raleigh NC,automobile,28445
841,Horne's Automotive,1759 1234567,Raleigh NC,automobile,28446
842,AC Automotive,1760 1234567,Raleigh NC,automobile,28447
843,Crawford's Body Shop,1761 1234567,Raleigh NC,automobile,28448
844,Better Wrench A,1762 1234567,Raleigh NC,automobile,28449
845,Johnson's Garage,1763 1234567,Raleigh NC,automobile,28450
846,Carolina Garage Experts Inc,1764 1234567,Raleigh NC,automobile,28451
847,Triangle Tires LLC,1765 1234567,Raleigh NC,automobile,28452
848,Allmotive Car Truck & Tractor,1766 1234567,Raleigh NC,automobile,28453
849,August Precision,1767 1234567,Raleigh NC,automobile,28454
850,Brown's Auto Collision Center,1768 1234567,Raleigh NC,automobile,28455
851,Elite Auto Body Inc,1769 1234567,Raleigh NC,automobile,28456
852,Martin's Automotive,1770 1234567,Raleigh NC,automobile,28457
853,Horne's Automotive,1771 1234567,Raleigh NC,automobile,28458
854,AC Automotive,1772 1234567,Raleigh NC,automobile,28459
855,Crawford's Body Shop,1773 1234567,Raleigh NC,automobile,28460
856,Better Wrench A,1774 1234567,Raleigh NC,automobile,28461
857,Johnson's Garage,1775 1234567,Raleigh NC,automobile,28462
858,Carolina Garage Experts Inc,1776 1234567,Raleigh NC,automobile,28463
859,Triangle Tires LLC,1777 1234567,Raleigh NC,automobile,28464
860,Allmotive Car Truck & Tractor,1778 1234567,Raleigh NC,automobile,28465
861,August Precision,1779 1234567,Raleigh NC,automobile,28466
862,Brown's Auto Collision Center,1780 1234567,Raleigh NC,automobile,28467
863,Elite Auto Body Inc,1781 1234567,Raleigh NC,automobile,28468
864,Martin's Automotive,1782 1234567,Raleigh NC,automobile,28469
865,Horne's Automotive,1783 1234567,Raleigh NC,automobile,28470
866,AC Automotive,1784 1234567,Raleigh NC,automobile,28471
867,Crawford's Body Shop,1785 1234567,Raleigh NC,automobile,28472
868,Better Wrench A,1786 1234567,Raleigh NC,automobile,28473
869,Johnson's Garage,1787 1234567,Raleigh NC,automobile,28474
870,Carolina Garage Experts Inc,1788 1234567,Raleigh NC,automobile,28475
871,Triangle Tires LLC,1789 1234567,Raleigh NC,automobile,28476
872,Allmotive Car Truck & Tractor,1790 1234567,Raleigh NC,automobile,28477
873,August Precision,1791 1234567,Raleigh NC,automobile,28478
874,Brown's Auto Collision Center,1792 1234567,Raleigh NC,automobile,28479
875,Elite Auto Body Inc,1793 1234567,Raleigh NC,automobile,28480
876,Martin's Automotive,1794 1234567,Raleigh NC,automobile,28481
877,Horne's Automotive,1795 1234567,Raleigh NC,automobile,28482
878,AC Automotive,1796 1234567,Raleigh NC,automobile,28483
879,Crawford's Body Shop,1797 1234567,Raleigh NC,automobile,28484
880,Better Wrench A,1798 1234567,Raleigh NC,automobile,28485
881,Johnson's Garage,1799 1234567,Raleigh NC,automobile,28486
882,Carolina Garage Experts Inc,1800 1234567,Raleigh NC,automobile,28487
883,Triangle Tires LLC,1801 1234567,Raleigh NC,automobile,28488
884,Allmotive Car Truck & Tractor,1802 1234567,Raleigh NC,automobile,28489
885,August Precision,1803 1234567,Raleigh NC,automobile,28490
886,Brown's Auto Collision Center,1804 1234567,Raleigh NC,automobile,28491
887,Elite Auto Body Inc,1805 1234567,Raleigh NC,automobile,28492
888,Martin's Automotive,1806 1234567,Raleigh NC,automobile,28493
889,Horne's Automotive,1807 1234567,Raleigh NC,automobile,28494
890,AC Automotive,1808 1234567,Raleigh NC,automobile,28495
891,Crawford's Body Shop,1809 1234567,Raleigh NC,automobile,28496
892,Better Wrench A,1810 1234567,Raleigh NC,automobile,28497
893,Johnson's Garage,1811 1234567,Raleigh NC,automobile,28498
894,Carolina Garage Experts Inc,1812 1234567,Raleigh NC,automobile,28499
895,Triangle Tires LLC,1813 1234567,Raleigh NC,automobile,28500
896,Allmotive Car Truck & Tractor,1814 1234567,Raleigh NC,automobile,28501
897,August Precision,1815 1234567,Raleigh NC,automobile,28502
898,Brown's Auto Collision Center,1816 1234567,Raleigh NC,automobile,28503
899,Elite Auto Body Inc,1817 1234567,Raleigh NC,automobile,28504
900,Martin's Automotive,1818 1234567,Raleigh NC,automobile,28505
901,Horne's Automotive,1819 1234567,Raleigh NC,automobile,28506
902,AC Automotive,1820 1234567,Raleigh NC,automobile,28507
903,Crawford's Body Shop,1821 1234567,Raleigh NC,automobile,28508
904,Better Wrench A,1822 1234567,Raleigh NC,automobile,28509
905,Johnson's Garage,1823 1234567,Raleigh NC,automobile,28510
906,Carolina Garage Experts Inc,1824 1234567,Raleigh NC,automobile,28511
907,Triangle Tires LLC,1825 1234567,Raleigh NC,automobile,28512
908,Allmotive Car Truck & Tractor,1826 1234567,Raleigh NC,automobile,28513
909,August Precision,1827 1234567,Raleigh NC,automobile,28514
910,Brown's Auto Collision Center,1828 1234567,Raleigh NC,automobile,28515
911,Elite Auto Body Inc,1829 1234567,Raleigh NC,automobile,28516
912,Martin's Automotive,1830 1234567,Raleigh NC,automobile,28517
913,Horne's Automotive,1831 1234567,Raleigh NC,automobile,28518
914,AC Automotive,1832 1234567,Raleigh NC,automobile,28519
915,Crawford's Body Shop,1833 1234567,Raleigh NC,automobile,28520
916,Better Wrench A,1834 1234567,Raleigh NC,automobile,28521
917,Johnson's Garage,1835 1234567,Raleigh NC,automobile,28522
918,Carolina Garage Experts Inc,1836 1234567,Raleigh NC,automobile,28523
919,Triangle Tires LLC,1837 1234567,Raleigh NC,automobile,28524
920,Allmotive Car Truck & Tractor,1838 1234567,Raleigh NC,automobile,28525
921,August Precision,1839 1234567,Raleigh NC,automobile,28526
922,Brown's Auto Collision Center,1840 1234567,Raleigh NC,automobile,28527
923,Elite Auto Body Inc,1841 1234567,Raleigh NC,automobile,28528
924,Martin's Automotive,1842 1234567,Raleigh NC,automobile,28529
925,Horne's Automotive,1843 1234567,Raleigh NC,automobile,28530
926,AC Automotive,1844 1234567,Raleigh NC,automobile,28531
927,Crawford's Body Shop,1845 1234567,Raleigh NC,automobile,28532
928,Better Wrench A,1846 1234567,Raleigh NC,automobile,28533
929,Johnson's Garage,1847 1234567,Raleigh NC,automobile,28534
930,Carolina Garage Experts Inc,1848 1234567,Raleigh NC,automobile,28535
931,Triangle Tires LLC,1849 1234567,Raleigh NC,automobile,28536
932,Allmotive Car Truck & Tractor,1850 1234567,Raleigh NC,automobile,28537
933,August Precision,1851 1234567,Raleigh NC,automobile,28538
934,Brown's Auto Collision Center,1852 1234567,Raleigh NC,automobile,28539
935,Elite Auto Body Inc,1853 1234567,Raleigh NC,automobile,28540
936,Martin's Automotive,1854 1234567,Raleigh NC,automobile,28541
937,Horne's Automotive,1855 1234567,Raleigh NC,automobile,28542
938,AC Automotive,1856 1234567,Raleigh NC,automobile,28543
939,Crawford's Body Shop,1857 1234567,Raleigh NC,automobile,28544
940,Better Wrench A,1858 1234567,Raleigh NC,automobile,28545
941,Johnson's Garage,1859 1234567,Raleigh NC,automobile,28546
942,Carolina Garage Experts Inc,1860 1234567,Raleigh NC,automobile,28547
943,Triangle Tires LLC,1861 1234567,Raleigh NC,automobile,28548
944,Allmotive Car Truck & Tractor,1862 1234567,Raleigh NC,automobile,28549
945,August Precision,1863 1234567,Raleigh NC,automobile,28550
946,Brown's Auto Collision Center,1864 1234567,Raleigh NC,automobile,28551
947,Elite Auto Body Inc,1865 1234567,Raleigh NC,automobile,28552
948,Martin's Automotive,1866 1234567,Raleigh NC,automobile,28553
949,Horne's Automotive,1867 1234567,Raleigh NC,automobile,28554
950,AC Automotive,1868 1234567,Raleigh NC,automobile,28555
951,Crawford's Body Shop,1869 1234567,Raleigh NC,automobile,28556
952,Better Wrench A,1870 1234567,Raleigh NC,automobile,28557
953,Johnson's Garage,1871 1234567,Raleigh NC,automobile,28558
954,Carolina Garage Experts Inc,1872 1234567,Raleigh NC,automobile,28559
955,Triangle Tires LLC,1873 1234567,Raleigh NC,automobile,28560
956,Allmotive Car Truck & Tractor,1874 1234567,Raleigh NC,automobile,28561
957,August Precision,1875 1234567,Raleigh NC,automobile,28562
958,Brown's Auto Collision Center,1876 1234567,Raleigh NC,automobile,28563
959,Elite Auto Body Inc,1877 1234567,Raleigh NC,automobile,28564
960,Martin's Automotive,1878 1234567,Raleigh NC,automobile,28565
961,Horne's Automotive,1879 1234567,Raleigh NC,automobile,28566
962,AC Automotive,1880 1234567,Raleigh NC,automobile,28567
963,Crawford's Body Shop,1881 1234567,Raleigh NC,automobile,28568
964,Better Wrench A,1882 1234567,Raleigh NC,automobile,28569
965,Johnson's Garage,1883 1234567,Raleigh NC,automobile,28570
966,Carolina Garage Experts Inc,1884 1234567,Raleigh NC,automobile,28571
967,Triangle Tires LLC,1885 1234567,Raleigh NC,automobile,28572
968,Allmotive Car Truck & Tractor,1886 1234567,Raleigh NC,automobile,28573
969,August Precision,1887 1234567,Raleigh NC,automobile,28574
970,Brown's Auto Collision Center,1888 1234567,Raleigh NC,automobile,28575
971,Elite Auto Body Inc,1889 1234567,Raleigh NC,automobile,28576
972,Martin's Automotive,1890 1234567,Raleigh NC,automobile,28577
973,Horne's Automotive,1891 1234567,Raleigh NC,automobile,28578
974,AC Automotive,1892 1234567,Raleigh NC,automobile,28579
975,Crawford's Body Shop,1893 1234567,Raleigh NC,automobile,28580
976,Better Wrench A,1894 1234567,Raleigh NC,automobile,28581
977,Johnson's Garage,1895 1234567,Raleigh NC,automobile,28582
978,Carolina Garage Experts Inc,1896 1234567,Raleigh NC,automobile,28583
979,Triangle Tires LLC,1897 1234567,Raleigh NC,automobile,28584
980,Allmotive Car Truck & Tractor,1898 1234567,Raleigh NC,automobile,28585
981,August Precision,1899 1234567,Raleigh NC,automobile,28586
982,Brown's Auto Collision Center,1900 1234567,Raleigh NC,automobile,28587
983,Elite Auto Body Inc,1901 1234567,Raleigh NC,automobile,28588
984,Martin's Automotive,1902 1234567,Raleigh NC,automobile,28589
985,Horne's Automotive,1903 1234567,Raleigh NC,automobile,28590
986,AC Automotive,1904 1234567,Raleigh NC,automobile,28591
987,Crawford's Body Shop,1905 1234567,Raleigh NC,automobile,28592
988,Better Wrench A,1906 1234567,Raleigh NC,automobile,28593
989,Johnson's Garage,1907 1234567,Raleigh NC,automobile,28594
990,Carolina Garage Experts Inc,1908 1234567,Raleigh NC,automobile,28595
991,Triangle Tires LLC,1909 1234567,Raleigh NC,automobile,28596
992,Allmotive Car Truck & Tractor,1910 1234567,Raleigh NC,automobile,28597
993,August Precision,1911 1234567,Raleigh NC,automobile,28598
994,Brown's Auto Collision Center,1912 1234567,Raleigh NC,automobile,28599
995,Elite Auto Body Inc,1913 1234567,Raleigh NC,automobile,28600
996,Martin's Automotive,1914 1234567,Raleigh NC,automobile,28601
997,Horne's Automotive,1915 1234567,Raleigh NC,automobile,28602
998,AC Automotive,1916 1234567,Raleigh NC,automobile,28603
999,Crawford's Body Shop,1917 1234567,Raleigh NC,automobile,28604
1000,Cary Plumbing Company,1918 1234567,Raleigh NC,plumbing,28604
1001,Lorenzo Plumbing,1919 1234567,Raleigh NC,plumbing,28604
1002,Michael & Son Services,1920 1234567,Raleigh NC,plumbing,28604
1003,Roto-Rooter Plumbing & Drain Service,1921 1234567,Raleigh NC,plumbing,28604
1004,ARS Rescue Rooter,1922 1234567,Raleigh NC,plumbing,28604
1005,Call A Pro,1923 1234567,Raleigh NC,plumbing,28604
1006,Call A Pro,1924 1234567,Raleigh NC,plumbing,28604
1007,24 Hour Emergency Plumber,1925 1234567,Raleigh NC,plumbing,28604
1008,Plumb V Inc,1926 1234567,Raleigh NC,plumbing,28604
1009,Bud Matthews' Service Inc,1927 1234567,Raleigh NC,plumbing,28604
1010,Michael & Son Services,1928 1234567,Raleigh NC,plumbing,28604
1011,Roto-Rooter Plumbing & Drain Service,1929 1234567,Raleigh NC,plumbing,28604
1012,Cary Plumbing Company,1930 1234567,Raleigh NC,plumbing,28604
1013,Lorenzo Plumbing,1931 1234567,Raleigh NC,plumbing,28604
1014,Sparrow & Sons Plumbing and Heating,1932 1234567,Raleigh NC,plumbing,28604
1015,Products,1933 1234567,Raleigh NC,plumbing,28604
1016,Home Plumbing Experts,1934 1234567,Raleigh NC,plumbing,28604
1017,Roto-Rooter Plumbing & Drain Service,1935 1234567,Raleigh NC,plumbing,28604
1018,Raleigh Plumbing Siding & Roofing,1936 1234567,Raleigh NC,plumbing,28604
1019,Weather Master's Mr Plumber,1937 1234567,Raleigh NC,plumbing,28604
1020,Dynamic Plumbing,1938 1234567,Raleigh NC,plumbing,28604
1021,Products,1939 1234567,Raleigh NC,plumbing,28604
1022,Local Plumbing Quotes,1940 1234567,Raleigh NC,plumbing,28604
1023,Shelton Plumbing Co,1941 1234567,Raleigh NC,plumbing,28604
1024,Products,1942 1234567,Raleigh NC,plumbing,28604
1025,Mr Rooter of Wake County,1943 1234567,Raleigh NC,plumbing,28604
1026,Call A Pro,1944 1234567,Raleigh NC,plumbing,28604
1027,Call A Pro,1945 1234567,Raleigh NC,plumbing,28604
1028,Rheem Water Heaters,1946 1234567,Raleigh NC,plumbing,28604
1029,Woodall's Pump Sales & Service,1947 1234567,Raleigh NC,plumbing,28604
1030,Roto-Rooter Plumbing & Drain Service,1948 1234567,Raleigh NC,plumbing,28604
1031,Your Friendly Local Repair Guys - We Do It All,1949 1234567,Raleigh NC,plumbing,28604
1032,John E. Byrd Septic Tank Service,1950 1234567,Raleigh NC,plumbing,28604
1033,Vickers & Ruth Plumbing Company Inc,1951 1234567,Raleigh NC,plumbing,28604
1034,Stroup Plumbing Co LLC,1952 1234567,Raleigh NC,plumbing,28604
1035,Donnie Thompson's Pump Service Inc,1953 1234567,Raleigh NC,plumbing,28604
1036,Legacy Plumbing,1954 1234567,Raleigh NC,plumbing,28604
1037,Services,1955 1234567,Raleigh NC,plumbing,28604
1038,Wake Sewer & Drain,1956 1234567,Raleigh NC,plumbing,28604
1039,Services,1957 1234567,Raleigh NC,plumbing,28604
1040,Expert Licensed Plumbers,1958 1234567,Raleigh NC,plumbing,28604
1041,Sparkkles Restoration,1959 1234567,Raleigh NC,plumbing,28604
1042,Local Electrician Experts,1960 1234567,Raleigh NC,electrician,28605
1043,Best Electrician Pros,1961 1234567,Raleigh NC,electrician,28606
1044,Call A Pro,1962 1234567,Raleigh NC,electrician,28607
1045,Local Electrical Contractor,1963 1234567,Raleigh NC,electrician,28608
1046,Progressive Service Company,1964 1234567,Raleigh NC,electrician,28609
1047,Progressive Service Company,1965 1234567,Raleigh NC,electrician,28610
1048,Best Electrician Pros,1966 1234567,Raleigh NC,electrician,28611
1049,Call A Pro,1967 1234567,Raleigh NC,electrician,28612
1050,Local Electrical Contractor,1968 1234567,Raleigh NC,electrician,28613
1051,Expert Electrician Pros,1969 1234567,Raleigh NC,electrician,28614
1052,Find Electricians Now,1970 1234567,Raleigh NC,electrician,28615
1053,W-3 Electric Inc,1971 1234567,Raleigh NC,electrician,28616
1054,Bolton Construction and Service LLC,1972 1234567,Raleigh NC,electrician,28617
1055,Cary Electric,1973 1234567,Raleigh NC,electrician,28618
1056,All-Star Electrical Of Raleigh,1974 1234567,Raleigh NC,electrician,28619
1057,Earl's Electrical Service,1975 1234567,Raleigh NC,electrician,28620
1058,Weather Master,1976 1234567,Raleigh NC,electrician,28621
1059,Tech Electric Corporation,1977 1234567,Raleigh NC,electrician,28622
1060,Tri-State Professional Services,1978 1234567,Raleigh NC,electrician,28623
1061,Carol's Electric,1979 1234567,Raleigh NC,electrician,28624